[
    {
        "maintainer": "diphons",
        "maintainer_link": "https://github.com/diphons",
        "kernel_name": "D8G_Kernel_oxygen",
        "kernel_link": "https://github.com/diphons/D8G_Kernel_oxygen/tree/13",
        "devices": "Poco F3: alioth | Poco F4: munch | MI10T/PRO: Apollo"
    },
    {
        "maintainer": "diphons",
        "maintainer_link": "https://github.com/diphons",
        "kernel_name": "D8G_Kernel_SM8150",
        "kernel_link": "https://github.com/diphons/D8G_Kernel_SM8150/tree/13",
        "devices": "Poco X3 Pro: Vayu | Bhima"
    },
    {
        "maintainer": "diphons",
        "maintainer_link": "https://github.com/diphons",
        "kernel_name": "D8G_Kernel_SDM845",
        "kernel_link": "https://github.com/diphons/D8G_Kernel/tree/main",
        "devices": "Poco F1 | MI8 | MiMix2S"
    },
    {
        "maintainer": "diphons",
        "maintainer_link": "https://github.com/diphons",
        "kernel_name": "D8G_Kernel_SM8350",
        "kernel_link": "https://github.com/diphons/D8G_Kernel_SM8350/tree/13",
        "devices": "Vili"
    },
    {
        "maintainer": "diphons",
        "maintainer_link": "https://github.com/diphons",
        "kernel_name": "D8G_Kernel_Marble",
        "kernel_link": "https://github.com/diphons/D8G_Kernel_Marble/tree/op",
        "devices": "Poco F5 | Redmi Note 12 Turbo | Marble"
    },
    {
        "maintainer": "th1nhhdk",
        "maintainer_link": "https://github.com/th1nhhdk",
        "kernel_name": "android_kernel_sony_sm8250-kernelsu",
        "kernel_link": "https://github.com/th1nhhdk/android_kernel_sony_sm8250-kernelsu",
        "devices": "Sony Xperia 1 II | Sony Xperia 5 II"
    },
    {
        "maintainer": "akash07k",
        "maintainer_link": "https://github.com/akash07k",
        "kernel_name": "nexus_kernel_xiaomi_sm8250",
        "kernel_link": "https://github.com/akash07k/nexus_kernel_xiaomi_sm8250/tree/lychee",
        "devices": "Poco F4: munch"
    },
    {
        "maintainer": "Hadad",
        "maintainer_link": "https://xdaforums.com/m/hadad.8351572/",
        "kernel_name": "android_kernel_xiaomi_onc",
        "kernel_link": "https://github.com/hadadarjt/android_kernel_xiaomi_onc/tree/los21-KSU/local-non-gerrit-review",
        "devices": "Redmi 7: onclite | Redmi Y3: onc"
    },
    {
        "maintainer": "HMTheBoy154",
        "maintainer_link": "https://github.com/hmtheboy154",
        "kernel_name": "Darkmatter-kernel",
        "kernel_link": "https://github.com/hmtheboy154/Darkmatter-kernel",
        "devices": "Generic x86_64 devices running Android-x86"
    },
    {
        "maintainer": "Asuka-mio",
        "maintainer_link": "https://github.com/asuka-mio",
        "kernel_name": "android_kernel_xiaomi_cas",
        "kernel_link": "https://github.com/AcmeUI-Devices/android_kernel_xiaomi_cas",
        "devices": "Mi 10 Ultra: cas"
    },
    {
        "maintainer": "xiaoleGun",
        "maintainer_link": "https://github.com/xiaoleGun",
        "kernel_name": "Miku_kernel_xiaomi_wayne",
        "kernel_link": "https://github.com/Diva-Room/Miku_kernel_xiaomi_wayne",
        "devices": "wayne"
    },
    {
        "maintainer": "SakuraNotStupid",
        "maintainer_link": "https://github.com/SakuraKyuo",
        "kernel_name": "android_kernel_xiaomi_sdm710",
        "kernel_link": "https://github.com/SakuraKyuo/android_kernel_xiaomi_sdm710",
        "devices": "Xiaomi MI 8 SE(sirius/xmsirius)"
    },
    {
        "maintainer": "zlm324",
        "maintainer_link": "https://github.com/zlm324",
        "kernel_name": "android_kernel_xiaomi_msm8998",
        "kernel_link": "https://github.com/zlm324/android_kernel_xiaomi_msm8998_ksu",
        "devices": "MI 6 (sagit) and MIX 2 (chiron) for LineageOS"
    },
    {
        "maintainer": "SlackerState",
        "maintainer_link": "https://github.com/SlackerState",
        "kernel_name": "android_kernel_xiaomi_sm6150",
        "kernel_link": "https://github.com/SlackerState/android_kernel_xiaomi_sm6150",
        "devices": "Redmi K30 4G (phoenix)"
    },
    {
        "maintainer": "RooGhz720",
        "maintainer_link": "https://github.com/RooGhz720",
        "kernel_name": "kernel_xiaomi_sm6150",
        "kernel_link": "https://github.com/RooGhz720/kernel_xiaomi_sm6150",
        "devices": "REDMI NOTE 10 PRO (sweet)"
    },
    {
        "maintainer": "OnlyTomInSecond",
        "maintainer_link": "https://github.com/onlyTomInSecond/",
        "kernel_name": "android_kernel_xiaomi_sdm845",
        "kernel_link": "https://github.com/OnlyTomInSecond/android_kernel_xiaomi_sdm845",
        "devices": "Mi 8 (dipper) for LineageOS"
    },
    {
        "maintainer": "Rohail33",
        "maintainer_link": "https://github.com/Rohail33",
        "kernel_name": "RealKing Kernel",
        "kernel_link": "https://github.com/Rohail33/Realking_kernel_sm8250",
        "devices": "Apollo(Redmi K30S Ultra/Mi 10T/Mi 10T Pro)\uff0cAlioth(Redmi K40/POCO F3/Mi 11X)\uff0cMunch(Redmi K40S/POCO F4), both MIUI and AOSP."
    },
    {
        "maintainer": "Sreeshankar K",
        "maintainer_link": "https://github.com/sreeshankark",
        "kernel_name": "NeverSettle Kernel",
        "kernel_link": "https://github.com/sreeshankark/android_kernel_oneplus_avicii",
        "devices": "OnePlus Nord (avicii)"
    },
    {
        "maintainer": "PSavarMattas",
        "maintainer_link": "https://github.com/psavarmattas",
        "kernel_name": "PSM Kernel",
        "kernel_link": "https://github.com/psavarmattas/android_kernel_oneplus_sm7250-WKSU",
        "devices": "OnePlus Nord (avicii)"
    },
    {
        "maintainer": "Molyuu",
        "maintainer_link": "https://github.com/Molyuu",
        "kernel_name": "neko_kernel_xiaomi_gauguin",
        "kernel_link": "https://github.com/Molyuu/neko_kernel_xiaomi_gauguin",
        "devices": "Redmi Note 9 Pro/ Mi 10T Lite/ Mi 10i "
    },
    {
        "maintainer": "guh0613",
        "maintainer_link": "https://github.com/guh0613",
        "kernel_name": "android_kernel_oppo_sm8150",
        "kernel_link": "https://github.com/guh0613/android_kernel_oppo_sm8150",
        "devices": "OPPO Reno Ace (OP4A89)"
    },
    {
        "maintainer": "LeviMarvin",
        "maintainer_link": "https://github.com/LeviMarvin",
        "kernel_name": "android_kernel_xiaomi_alioth",
        "kernel_link": "https://github.com/LeviMarvin/android_kernel_xiaomi_alioth",
        "devices": "Redmi K40 / POCO F3"
    },
    {
        "maintainer": "cibimo",
        "maintainer_link": "https://github.com/cibimo",
        "kernel_name": "kernel_xiaomi_raphael_ksu",
        "kernel_link": "https://github.com/cibimo/kernel_xiaomi_raphael_ksu",
        "devices": "Xiaomi Redmi K20 Pro / Mi 9T Pro (raphael)"
    },
    {
        "maintainer": "EndCredits",
        "maintainer_link": "https://github.com/EndCredits",
        "kernel_name": "kernel_xiaomi_sm7250",
        "kernel_link": "https://github.com/EndCredits/kernel_xiaomi_sm7250",
        "devices": "Redmi K30 5G ( picasso ) , Redmi K30i 5G ( picasso_48m)"
    },
    {
        "maintainer": "msnx",
        "maintainer_link": "https://github.com/msnx",
        "kernel_name": "android-msm-coral-4.14-android13",
        "kernel_link": "https://github.com/msnx/KernelSU-Pixel4XL",
        "devices": "Pixel 4 XL"
    },
    {
        "maintainer": "SoDebug",
        "maintainer_link": "https://github.com/SoDebug",
        "kernel_name": "kernel_xiaomi_raphael",
        "kernel_link": "https://github.com/SoDebug/KernelSU_Kernel_Raphael",
        "devices": "Xiaomi Redmi K20 Pro / Mi 9T Pro (raphael)"
    },
    {
        "maintainer": "H1mJT",
        "maintainer_link": "https://github.com/H1mJT",
        "kernel_name": "kernel_realme_RMX1901",
        "kernel_link": "https://github.com/H1mJT/kernel_realme_RMX1901",
        "devices": "Realme X (RMX1901/RMX1901CN)"
    },
    {
        "maintainer": "SonalSingh18",
        "maintainer_link": "https://github.com/SonalSingh18",
        "kernel_name": "android_kernel_xiaomi_sm6250",
        "kernel_link": "https://github.com/SonalSingh18/android_kernel_xiaomi_sm6250",
        "devices": "Miatoll [curtana, excalibur, gram, joyeuse]"
    },
    {
        "maintainer": "RooGhz720",
        "maintainer_link": "https://github.com/RooGhz720",
        "kernel_name": "kernel_xiaomi_lavender",
        "kernel_link": "https://github.com/RooGhz720/kernel_xiaomi_lavender",
        "devices": "Redmi Note 7 (Lavender)"
    },
    {
        "maintainer": "JunASAKA",
        "maintainer_link": "https://github.com/JunASAKA",
        "kernel_name": "kernel_google_msm-4.9_KernelSU",
        "kernel_link": "https://github.com/JunASAKA/kernel_google_msm-4.9_KernelSU",
        "devices": "Google Pixel 3a & 3a XL (sargo & bonito)"
    },
    {
        "maintainer": "RooGhz720",
        "maintainer_link": "https://github.com/RooGhz720",
        "kernel_name": "kernel_asus_X01BD",
        "kernel_link": "https://github.com/RooGhz720/kernel_asus_X01BD",
        "devices": "Asus Zenfone Max Pro M1/M2"
    },
    {
        "maintainer": "Evans Mike",
        "maintainer_link": "https://github.com/etnperlong",
        "kernel_name": "kernel_xiaomi_raphael_bool-x",
        "kernel_link": "https://github.com/etnperlong/kernel_xiaomi_raphael_bool-x",
        "devices": "Xiaomi Redmi K20 Pro / Mi 9T Pro (raphael)"
    },
    {
        "maintainer": "easterNday",
        "maintainer_link": "https://github.com/DogDayAndroid",
        "kernel_name": "KSU_Thyme_BuildBot",
        "kernel_link": "https://github.com/DogDayAndroid/KSU_Thyme_BuildBot",
        "devices": "Xiaomi 10S"
    },
    {
        "maintainer": "tedomi2705",
        "maintainer_link": "https://github.com/tedomi2705",
        "kernel_name": "kernel_xiaomi_sdm660",
        "kernel_link": "https://github.com/tedomi2705/kernel_xiaomi_sdm660",
        "devices": "Xiaomi Redmi Note 6 Pro (tulip)"
    },
    {
        "maintainer": "RyuujiX",
        "maintainer_link": "https://github.com/RyuujiX",
        "kernel_name": "android_kernel_asus_sdm660-4.19",
        "kernel_link": "https://github.com/RyuujiX/android_kernel_asus_sdm660-4.19",
        "devices": "Asus Zenfone Max Pro M1 (X00TD)/ M2 (X01BD) (Linux 4.19)"
    },
    {
        "maintainer": "liqidecg",
        "maintainer_link": "https://github.com/liqidecg",
        "kernel_name": "android_kernel_xiaomi_sdm710",
        "kernel_link": "https://github.com/liqidecg/android_kernel_xiaomi_sdm710",
        "devices": "Mi 8 SE (sirius) (Linux 4.9)"
    },
    {
        "maintainer": "Abdelhay-Ali",
        "maintainer_link": "https://github.com/Abdelhay-Ali",
        "kernel_name": "android_kernel_huawei_hi6250",
        "kernel_link": "https://github.com/Abdelhay-Ali/android_kernel_huawei_hi6250_KernelSU",
        "devices": "Huawei P20 lite (hi6250) (Linux 4.9)"
    },
    {
        "maintainer": "reocat",
        "maintainer_link": "https://github.com/reocat",
        "kernel_name": "android_kernel_nokia_sdm660_ksu",
        "kernel_link": "https://github.com/reocat/android_kernel_nokia_sdm660_ksu",
        "devices": "Nokia 6.1 (2018)"
    },
    {
        "maintainer": "Tuan Anh",
        "maintainer_link": "https://github.com/log1cs",
        "kernel_name": "kernel_nokia_msm8998",
        "kernel_link": "https://github.com/log1cs/kernel_nokia_msm8998",
        "devices": "Nokia 8 (Repartitioned)/8 Sirocco (NLA/A1N)"
    },
    {
        "maintainer": "bggRGjQaUbCoE",
        "maintainer_link": "https://github.com/bggRGjQaUbCoE",
        "kernel_name": "android_kernel_samsung_sm8250",
        "kernel_link": "https://github.com/bggRGjQaUbCoE/android_kernel_samsung_sm8250-mohammad92",
        "devices": "Samsung Galaxy S20+ 5G (y2q)"
    },
    {
        "maintainer": "SOVIET-ANDROID",
        "maintainer_link": "https://github.com/SOVIET-ANDROID",
        "kernel_name": "kernel_xiaomi_raphael",
        "kernel_link": "https://github.com/SOVIET-ANDROID/kernel_xiaomi_raphael",
        "devices": "XK20 Pro Raphael  DSP & A only SAR support "
    },
    {
        "maintainer": "dabao1955",
        "maintainer_link": "https://github.com/dabao1955",
        "kernel_name": "android_kernel_OPPO_PEQM00",
        "kernel_link": "https://github.com/dabao1955/android_kernel_OPPO_PEQM00",
        "devices": "MediaTek devices in the OPPO Reno series on ColorOS13.x"
    },
    {
        "maintainer": "Aflaungos",
        "maintainer_link": "https://github.com/Aflaungos",
        "kernel_name": "android_kernel_motorola_msm8998",
        "kernel_link": "https://github.com/Aflaungos/android_kernel_motorola_msm8998",
        "devices": "Moto G6 Plus (evert)"
    },
    {
        "maintainer": "TheNoFace",
        "maintainer_link": "https://github.com/TheNoFace",
        "kernel_name": "kernel_oneplus_msm8998",
        "kernel_link": "https://github.com/TheNoFace/kernel_oneplus_msm8998/tree/pe-13-ksu",
        "devices": "OnePlus 5/5T (cheeseburger/dumpling)"
    },
    {
        "maintainer": "Nipin NA (Joker-V2)",
        "maintainer_link": "https://github.com/Joker-V2",
        "kernel_name": "Xcalibur kernel (violet)",
        "kernel_link": "https://github.com/Joker-V2/kernel_xiaomi_violet/tree/kernelsu",
        "devices": "Xiaomi Redmi Note 7 Pro (violet)"
    },
    {
        "maintainer": "Sr-Han",
        "maintainer_link": "https://github.com/Sr-Han",
        "kernel_name": "kernel_xiaomi_mojito",
        "kernel_link": "https://github.com/Sr-Han/kernel_xiaomi_mojito",
        "devices": "Redmi Note 10 (Sunny/Mojito)"
    },
    {
        "maintainer": "rushiranpise",
        "maintainer_link": "https://github.com/rushiranpise",
        "kernel_name": "android_kernel_samsung_exynos9610_mint",
        "kernel_link": "https://github.com/rushiranpise/android_kernel_samsung_exynos9610_mint",
        "devices": "Kernel 4.14.194 exynos9610 Non-GKI Device, Added KernelSu using manual method"
    },
    {
        "maintainer": "CN-Scars",
        "maintainer_link": "https://github.com/CN-Scars",
        "kernel_name": "pixel_experience_kernel_xiaomi_sm8250_kernelSU",
        "kernel_link": "https://github.com/CN-Scars/pixel_experience_kernel_xiaomi_sm8250_kernelSU",
        "devices": "Pixel Experience Kernel 4.19.282 for Xiaomi Redmi K40S / Xiaomi Poco F4 (munch)"
    },
    {
        "maintainer": "exer",
        "maintainer_link": "https://github.com/ekkusa",
        "kernel_name": "Miyo Toku",
        "kernel_link": "https://github.com/Miiyo/android_kernel_sony_sdm845/tree/KSU/Toku",
        "devices": "Sony Tama (akari, apollo, aurora, akatsuki) (Linux 4.9)"
    },
    {
        "maintainer": "likkai",
        "maintainer_link": "https://github.com/likkai",
        "kernel_name": "Quicksilver Kernel",
        "kernel_link": "https://github.com/likkai/ksu_kernel_xiaomi_lisa",
        "devices": "Xiaomi 11 Lite 5G NE (lisa)"
    },
    {
        "maintainer": "awakened1712",
        "maintainer_link": "https://github.com/awakened1712",
        "kernel_name": "android_kernel_samsung_exynos9820",
        "kernel_link": "https://github.com/awakened1712/android_kernel_samsung_exynos9820",
        "devices": "Samsung S10/N10"
    },
    {
        "maintainer": "awakened1712",
        "maintainer_link": "https://github.com/awakened1712",
        "kernel_name": "android_kernel_oneplus_sm8350",
        "kernel_link": "https://github.com/awakened1712/android_kernel_oneplus_sm8350",
        "devices": "Oneplus 9/9Pro"
    },
    {
        "maintainer": "siimsek",
        "maintainer_link": "https://github.com/siimsek",
        "kernel_name": "Lightning Kernel",
        "kernel_link": "https://github.com/siimsek/Lightning-Kernel",
        "devices": "Xiaomi Redmi Note 8/8T (ginkgo/willow)"
    },
    {
        "maintainer": "GiovanYCringe",
        "maintainer_link": "https://github.com/GiovanYCringe",
        "kernel_name": "kernel_a50",
        "kernel_link": "https://github.com/GiovanYCringe-Experiments/kernel_a50",
        "devices": "Galaxy A50 (A505f,fn,g,gn,gt)"
    },
    {
        "maintainer": "Asriadi Rahim",
        "maintainer_link": "https://github.com/asriadirahim",
        "kernel_name": "android_kernel_google_wahoo",
        "kernel_link": "https://github.com/Google-Pixel2-2XL/kernel_google_wahoo",
        "devices": "Google Pixel 2/2XL"
    },
    {
        "maintainer": "DawfukFR",
        "maintainer_link": "https://github.com/DawfukFR",
        "kernel_name": "kernel_oneplus_sm8250 (Stellaris-Kernel)",
        "kernel_link": "https://github.com/DawfukFR/kernel_oneplus_sm8250",
        "devices": "Oneplus 8 (Instantnoodle), Oneplus 8T (Kebab), Oneplus 8 Pro (Instantnoodlep), Oneplus 9R (lemonades) [msm-4.19]"
    },
    {
        "maintainer": "Tejas Singh",
        "maintainer_link": "https://github.com/tejas101k",
        "kernel_name": "kernel_xiaomi_ginkgo (Cuh Kernel)",
        "kernel_link": "https://github.com/tejas101k/Cuh-KerneL",
        "devices": "Xiaomi Redmi Note 8/8T (ginkgo/willow)"
    },
    {
        "maintainer": "Abdul Wahid Khan",
        "maintainer_link": "https://github.com/Wahid7852",
        "kernel_name": "kernel_xiaomi_begonia",
        "kernel_link": "https://github.com/Nova-Kernels/kernel_xiaomi_mt6785",
        "devices": "Redmi Note 8 Pro (Begonia/Begoniain)"
    },
    {
        "maintainer": "zfdx123",
        "maintainer_link": "https://github.com/zfdx123",
        "kernel_name": "kernel_xiaomi_alioth",
        "kernel_link": "https://github.com/zfdx123/kernel_xiaomi_alioth",
        "devices": "Redmi K40 (alioth)"
    },
    {
        "maintainer": "Bot-wxt1221",
        "maintainer_link": "https://github.com/Bot-wxt1221",
        "kernel_name": "android_kernel_oneplus_sdm845",
        "kernel_link": "https://github.com/Bot-wxt1221/android_kernel_oneplus_sdm845",
        "devices": "Oneplus 6 (enchilada) | Oneplus 6T (fajita) with Retrofit Dynamic Partitions Only with crdroid"
    },
    {
        "maintainer": "zlm324",
        "maintainer_link": "https://github.com/zlm324",
        "kernel_name": "android_kernel_xiaomi_msm8998_ksu",
        "kernel_link": "https://github.com/zlm324/android_kernel_xiaomi_msm8998_ksu",
        "devices": "a lineage kernel forked from LineageOS official repository, version 4.4.302, added ksu."
    },
    {
        "maintainer": "zlm324",
        "maintainer_link": "https://github.com/zlm324",
        "kernel_name": "android_kernel_xiaomi_msm8953_ksu",
        "kernel_link": "https://github.com/zlm324/android_kernel_xiaomi_msm8953_ksu",
        "devices": "Xiaomi 5X (tiffany)"
    },
    {
        "maintainer": "Vincent4440",
        "maintainer_link": "https://github.com/Vincent4440",
        "kernel_name": "android_kernel_xiaomi_sm8250",
        "kernel_link": "https://github.com/Vincent4440/android_kernel_xiaomi_sm8250",
        "devices": "Poco F4: munch"
    },
    {
        "maintainer": "tiandoufayale",
        "maintainer_link": "https://github.com/tiandoufayale",
        "kernel_name": "android_kernel_samsung_sm8250",
        "kernel_link": "https://github.com/tiandoufayale/android_kernel_samsung_sm8250",
        "devices": "Samsung Tab S7 WIFI(T870)"
    },
    {
        "maintainer": "starmoe",
        "maintainer_link": "https://github.com/bro-xun",
        "kernel_name": "android_kernel_oneplus_msm8998",
        "kernel_link": "https://github.com/Bro-Xun/kernel_op5t_ksu",
        "devices": "Oneplus 5/5T, kernel version 4.4.302"
    },
    {
        "maintainer": "supechicken",
        "maintainer_link": "https://github.com/supechicken",
        "kernel_name": "kernel_xiaomi_sm8350",
        "kernel_link": "https://github.com/supechicken/kernel_xiaomi_sm8350",
        "devices": " Xiaomi 11T Pro (vili)"
    },
    {
        "maintainer": "Vaz15k",
        "maintainer_link": "https://github.com/Vaz15k",
        "kernel_name": "kernelSU-A70q",
        "kernel_link": "https://github.com/Vaz15k/kernelSU-A70q",
        "devices": "Samsung Galaxy A70 ( A705MN / A705FN )"
    },
    {
        "maintainer": "whyakari",
        "maintainer_link": "https://github.com/whyakari",
        "kernel_name": "android_kernel_xiaomi_ginkgo",
        "kernel_link": "https://github.com/whyakari/android_kernel_xiaomi_ginkgo",
        "devices": "Xiaomi Redmi Note 8/8T (ginkgo/willow)"
    },
    {
        "maintainer": "wulan17",
        "maintainer_link": "https://github.com/wulan17",
        "kernel_name": "android_kernel_xiaomi_mt6765",
        "kernel_link": "https://github.com/Mayuri-Chan/android_kernel_xiaomi_mt6765/tree/10-ksu",
        "devices": "Redmi 6/6A (cereus/cactus)"
    },
    {
        "maintainer": "officialputuid",
        "maintainer_link": "https://github.com/officialputuid",
        "kernel_name": "android_kernel_realme_mt6785",
        "kernel_link": "https://github.com/psionicprjkt/android_kernel_realme_mt6785",
        "devices": "Realme 6/6i(Indian)/6s/7/Narzo/Narzo 20 Pro/Narzo 30 4G (RM6785)"
    },
    {
        "maintainer": "liquidprjkt",
        "maintainer_link": "https://github.com/liquidprjkt",
        "kernel_name": "liquid_kernel_realme_even",
        "kernel_link": "https://github.com/liquidprjkt/liquid_kernel_realme_even",
        "devices": "Realme C25/s and Narzo50A (even)"
    },
    {
        "maintainer": "Tonklaistonton",
        "maintainer_link": "https://github.com/Tonklaistonton",
        "kernel_name": "NEXGatokernel",
        "kernel_link": "https://github.com/Tonklaistonton/android_kernel_oneplus_sm6375",
        "devices": "Realme 9 pro 5g  | Oneplus nord ce 2 lite "
    },
    {
        "maintainer": "CoolestEnoch",
        "maintainer_link": "https://github.com/CoolestEnoch",
        "kernel_name": "kernel-su-huawei-nova2",
        "kernel_link": "https://github.com/CoolestEnoch/kernel-su-huawei-nova2",
        "devices": "Huawei nova 2 (pic)"
    },
    {
        "maintainer": "RisenID",
        "maintainer_link": "https://github.com/RisenID",
        "kernel_name": "kernel_samsung_ascendia_sm7325",
        "kernel_link": "https://github.com/RisenID/kernel_samsung_ascendia_sm7325",
        "devices": "Samsung Galaxy A52s 5G (a52sxq)"
    },
    {
        "maintainer": "RisenID",
        "maintainer_link": "https://github.com/RisenID",
        "kernel_name": "kernel_samsung_ascendia_sm7125",
        "kernel_link": "https://github.com/RisenID/kernel_samsung_ascendia_sm7125",
        "devices": "Samsung Galaxy A52 4G (a52q)"
    },
    {
        "maintainer": "RisenID",
        "maintainer_link": "https://github.com/RisenID",
        "kernel_name": "kernel_samsung_ascendia_sm7125",
        "kernel_link": "https://github.com/RisenID/kernel_samsung_ascendia_sm7125",
        "devices": "Samsung Galaxy A72 (a72q)"
    },
    {
        "maintainer": "RisenID",
        "maintainer_link": "https://github.com/RisenID",
        "kernel_name": "kernel_samsung_ascendia_sm7325",
        "kernel_link": "https://github.com/RisenID/kernel_samsung_ascendia_sm7325",
        "devices": "Samsung Galaxy M52 5G (m52xq)"
    },
    {
        "maintainer": "A-JiuA",
        "maintainer_link": "https://github.com/A-JiuA",
        "kernel_name": "sirius_Kernel",
        "kernel_link": "https://github.com/A-JiuA/sirius_Kernel",
        "devices": "Xiaomi MI 8 SE(MIUI12/12.5)"
    },
    {
        "maintainer": "picasso09",
        "maintainer_link": "https://github.com/picasso09",
        "kernel_name": "KernelSU-RM6765R",
        "kernel_link": "https://github.com/picasso09/RMX2189R/tree/c05-ksu",
        "devices": "Realme C11 12 15 (RM6765)"
    },
    {
        "maintainer": "josedelinux",
        "maintainer_link": "https://github.com/josedelinux",
        "kernel_name": "kernel_google_msm-4.9",
        "kernel_link": "https://github.com/josedelinux/kernel_google_msm-4.9",
        "devices": "Google Pixel 3a & 3a XL (sargo & bonito)"
    },
    {
        "maintainer": "rsuntk",
        "maintainer_link": "https://github.com/rsuntk",
        "kernel_name": "android_kernel_samsung_a12s",
        "kernel_link": "https://github.com/rsuntk/android_kernel_samsung_a12s",
        "devices": "Samsung Galaxy A12s (Nacho) | Exynos 850"
    },
    {
        "maintainer": "Lonelystar9x",
        "maintainer_link": "https://github.com/lonelystar9x",
        "kernel_name": "Kernel_xiaomi_sdm845",
        "kernel_link": "https://github.com/lonelystar9x/android_kernel_xiaomi_sdm845",
        "devices": "Poco F1 | MI8 | MiMix2S | MiMix3"
    },
    {
        "maintainer": "iceBear67",
        "maintainer_link": "https://github.com/iceBear67",
        "kernel_name": "android_kernel_exynos9810_kernelsu",
        "kernel_link": "https://github.com/iceBear67/android_kernel_exynos9810_kernelsu",
        "devices": "Galaxy Note 9(N960N/F)"
    },
    {
        "maintainer": "BlackMesa123",
        "maintainer_link": "https://xdaforums.com/t/kernel-a546b-e-kernelsu-v0-7-5-for-galaxy-a54-5g.4607539/",
        "kernel_name": "android_kernel_samsung_s5e8835",
        "kernel_link": "https://github.com/BlackMesa123/android_kernel_samsung_s5e8835",
        "devices": "Samsung Galaxy A54 5G (a54x)"
    },
    {
        "maintainer": "Fede2782",
        "maintainer_link": "https://github.com/Fede2782",
        "kernel_name": "android_kernel_samsung_a34x",
        "kernel_link": "https://github.com/Fede2782/android_kernel_samsung_a34x/",
        "devices": "Samsung Galaxy A34 5G (a34x)"
    },
    {
        "maintainer": "SnowWolf725    ",
        "maintainer_link": "https://github.com/snowwolf725",
        "kernel_name": "android_kernel_oneplus_sm8150",
        "kernel_link": "https://github.com/snowwolf725/android_kernel_oneplus_sm8150",
        "devices": "Oneplus 7(guacamoleb)/7 Pro(guacamole)/7T(hotdog)/7TPro (hotdogb)"
    },
    {
        "maintainer": "backslashxx",
        "maintainer_link": "https://github.com/backslashxx/",
        "kernel_name": "msm8953-los21",
        "kernel_link": "https://github.com/backslashxx/msm8953-los21",
        "devices": "Mi A2 Lite (daisy) / Redmi 6 Pro (sakura) + Redmi S2/Y2 (ysl)"
    },
    {
        "maintainer": "backslashxx",
        "maintainer_link": "https://github.com/backslashxx/",
        "kernel_name": "mojito_krenol",
        "kernel_link": "https://github.com/backslashxx/mojito_krenol",
        "devices": "Redmi Note 10 (sunny/mojito)"
    },
    {
        "maintainer": "backslashxx",
        "maintainer_link": "https://github.com/backslashxx/",
        "kernel_name": "fog_kramel",
        "kernel_link": "https://github.com/backslashxx/fog_kramel",
        "devices": "Redmi 10C (fog/rain/wind)"
    },
    {
        "maintainer": "Fede2782",
        "maintainer_link": "https://github.com/Fede2782",
        "kernel_name": "android_kernel_samsung_gta4xl",
        "kernel_link": "https://github.com/Fede2782/android_kernel_samsung_gta4xl",
        "devices": "Galaxy Tab S6 Lite LTE (gta4xl)"
    },
    {
        "maintainer": "rsuntk",
        "maintainer_link": "https://github.com/rsuntk",
        "kernel_name": "android_kernel_samsung_a03",
        "kernel_link": "https://github.com/rsuntk/android_kernel_samsung_a03",
        "devices": "Samsung Galaxy A03 | Unisoc T606 | Scorpio Kernel"
    },
    {
        "maintainer": "ArchVisions",
        "maintainer_link": "https://github.com/ArchVisions",
        "kernel_name": "android_kernel_samsung_gts9fewifi",
        "kernel_link": "https://github.com/ArchVisions/android_kernel_samsung_gts9fewifi",
        "devices": "Samsung Tab S9 FE (gts9fewifi) | Exynos 1380"
    },
    {
        "maintainer": "ravindu644",
        "maintainer_link": "https://github.com/ravindu644",
        "kernel_name": "android_kernel_beyondx_lpos",
        "kernel_link": "https://github.com/ravindu644/android_kernel_beyondx_lpos",
        "devices": "Galaxy S10 5G (KOR)"
    },
    {
        "maintainer": "ravindu644",
        "maintainer_link": "https://github.com/ravindu644",
        "kernel_name": "android_kernel_beyond1_lpos",
        "kernel_link": "https://github.com/ravindu644/android_kernel_beyond1_lpos",
        "devices": "Galaxy S10"
    },
    {
        "maintainer": "ravindu644",
        "maintainer_link": "https://github.com/ravindu644",
        "kernel_name": "android_kernel_beyond2",
        "kernel_link": "https://github.com/ravindu644/android_kernel_beyond2",
        "devices": "Galaxy S10+"
    },
    {
        "maintainer": "ravindu644",
        "maintainer_link": "https://github.com/ravindu644",
        "kernel_name": "android_kernel_beyond0",
        "kernel_link": "https://github.com/ravindu644/android_kernel_beyond0",
        "devices": "Galaxy S10e"
    },
    {
        "maintainer": "Rofikkernel",
        "maintainer_link": "https://github.com/Rofikkernel",
        "kernel_name": "kernel_lgv600tm_4.19",
        "kernel_link": "https://github.com/Rofikkernel/kernel_lgv600tm_4.19",
        "devices": "LG V60 timelm"
    },
    {
        "maintainer": "Dawid2849",
        "maintainer_link": "https://github.com/Dawid2849",
        "kernel_name": "android_kernel_lge_sm8150",
        "kernel_link": "https://github.com/Dawid2849/android_kernel_lge_sm8150",
        "devices": "LG G8 (alphaplus) / LG G8s (betalm) / LG G8X (mh2mml)"
    },
    {
        "maintainer": "lyc8503",
        "maintainer_link": "https://github.com/lyc8503",
        "kernel_name": "kernel_xiaomi_chopin",
        "kernel_link": "https://github.com/ChopinKernels/kernel_xiaomi_chopin_android_S",
        "devices": "Redmi Note 10 Pro 5G (chopin) / Poco X3 GT (choping)"
    },
    {
        "maintainer": "Fede2782",
        "maintainer_link": "https://github.com/Fede2782",
        "kernel_name": "android_kernel_motorola_sdm632",
        "kernel_link": "https://github.com/Fede2782/android_kernel_motorola_sdm632",
        "devices": "Motorola Moto G7 (river)"
    },
    {
        "maintainer": "EmanuelCN",
        "maintainer_link": "https://github.com/EmanuelCN",
        "kernel_name": "N0Kernel",
        "kernel_link": "https://github.com/EmanuelCN/kernel_xiaomi_sm8250",
        "devices": "Poco F3 (alioth) | Mi 10T/Pro (apollo) | Poco F4 (munch)"
    },
    {
        "maintainer": "kvsnr113",
        "maintainer_link": "https://github.com/kvsnr113",
        "kernel_name": "NOVA Kernel",
        "kernel_link": "https://github.com/kvsnr113/xiaomi_sm8250_kernel",
        "devices": "Poco F3 (alioth) | Mi 10T/Pro (apollo) | Poco F4 (munch)"
    },
    {
        "maintainer": "anVzdGFtb25",
        "maintainer_link": "https://github.com/anVzdGFtb25",
        "kernel_name": "android_kernel_xiaomi_mt6768",
        "kernel_link": "https://github.com/anVzdGFtb25/android_kernel_xiaomi_mt6768",
        "devices": "Redmi 9 ( lancelot )"
    },
    {
        "maintainer": "rifsxd",
        "maintainer_link": "https://github.com/rifsxd",
        "kernel_name": "android_kernel_realme_RMX3511",
        "kernel_link": "https://github.com/rifsxd/android_kernel_realme_RMX3511",
        "devices": "Realme C35 (RMX3511)"
    }
]
